Physicochemical properties	GG	GA	GC	GT	AG	AA	AC	AT	CG	CA	CC	CT	TG	TA	TC	TT
Base stacking	-8.26	-9.81	-14.59	-10.51	-6.78	-5.37	-10.51	-6.57	-9.61	-6.57	-8.26	-6.78	-6.57	-3.82	-9.81	-5.37 
Protein induced deformability	6.10	4.50	4.00	2.30	2.10	2.90	2.30	1.60	12.10	9.80	6.10	2.10	9.80	6.30	4.50	2.90 
B-DNA twist	35.30	39.60	38.40	33.10	30.60	35.50	33.10	43.20	31.30	37.70	35.30	30.60	37.70	31.60	39.60	35.50 
Dinucleotide GC Content	2.00	1.00	2.00	1.00	1.00	0.00	1.00	0.00	2.00	1.00	2.00	1.00	1.00	0.00	1.00	0.00 
A-philicity	0.19	0.98	0.73	0.13	0.33	0.97	0.13	0.58	0.52	1.04	0.19	0.33	1.04	0.73	0.98	0.97 
Propeller twist	-8.11	-13.48	-11.08	-13.10	-14.00	-18.66	-13.10	-15.01	-10.03	-9.45	-8.11	-14.00	-9.45	-11.85	-13.48	-18.66 
Duplex stability(free energy)	-2.30	-1.50	-2.30	-1.50	-1.50	-1.20	-1.50	-0.90	-2.80	-1.70	-2.30	-1.50	-1.70	-0.90	-1.50	-1.20 
Duplex tability(disrupt energy)	3.10	1.60	3.10	1.30	1.60	1.90	1.30	0.90	3.60	1.90	3.10	1.60	1.90	1.50	1.60	1.90 
DNA denaturation	99.31	80.03	135.83	108.80	85.12	66.51	108.80	72.29	88.84	64.92	99.31	85.12	64.92	50.11	80.03	66.51 
Bending stiffness	130.00	60.00	85.00	60.00	60.00	35.00	60.00	20.00	85.00	60.00	130.00	60.00	60.00	20.00	60.00	35.00 
Protein DNA twist	32.90	36.30	33.60	31.50	31.90	35.10	31.50	29.30	36.10	37.30	32.90	31.90	37.30	37.80	36.30	35.10 
Stabilising energy of Z-DNA	2.40	3.40	4.00	4.60	3.40	3.90	4.60	5.90	0.70	1.30	2.40	3.40	1.30	2.50	3.40	3.90 
Aida_BA_transition	2.26	3.18	8.28	4.52	0.79	0.96	4.52	6.82	10.79	5.10	2.26	0.79	5.10	0.42	3.18	0.96 
Breslauer_dG	3.10	1.60	3.10	1.30	1.60	1.90	1.30	1.50	3.60	1.90	3.10	1.60	1.90	0.90	1.60	1.90 
Breslauer_dH	11.00	5.60	11.10	6.50	7.80	9.10	6.50	8.60	11.90	5.80	11.00	7.80	5.80	6.00	5.60	9.10 
Breslauer_dS	26.60	13.50	26.70	17.30	20.80	24.00	17.30	23.90	27.80	12.90	26.60	20.80	12.90	16.90	13.50	24.00 
Electron_interaction	28.20	19.80	28.20	19.80	19.80	11.40	19.80	11.40	28.20	19.80	28.20	19.80	19.80	11.40	19.80	11.40 
Hartman_trans_free_energy	2.40	2.50	0.70	1.30	3.40	3.90	1.30	2.40	4.00	4.60	2.40	3.40	4.60	5.90	2.50	3.90 
Helix-Coil_transition	13.00	6.70	13.00	5.40	6.70	7.90	5.40	6.30	15.10	7.90	13.00	6.70	7.90	3.80	6.70	7.90 
Ivanov_BA_transition	0.19	0.98	0.73	0.13	0.33	0.97	0.13	0.58	0.52	1.04	0.19	0.33	1.04	0.73	0.98	0.97 
Lisser_BZ_transition	10.00	10.50	2.90	5.40	14.20	16.30	5.40	10.00	16.70	19.20	10.00	14.20	19.20	24.70	10.50	16.30 
Polar_interaction	3.80	2.47	3.80	2.47	2.47	1.14	2.47	1.14	3.80	2.47	3.80	2.47	2.47	1.14	2.47	1.14 
SantaLucia_dG	1.77	1.46	2.28	1.43	1.16	1.02	1.43	0.73	2.09	1.38	1.77	1.16	1.38	0.60	1.46	1.02 
SantaLucia_dH	6.70	7.70	11.10	8.60	6.10	8.40	8.60	6.50	10.10	7.40	6.70	6.10	7.40	6.30	7.70	8.40 
SantaLucia_dS	15.60	20.30	28.40	23.00	16.10	23.60	23.00	18.80	25.50	19.30	15.60	16.10	19.30	18.50	20.30	23.60 
Sarai_flexibility	7.20	8.80	11.10	14.60	8.20	7.60	14.60	25.00	8.90	10.90	7.20	8.20	10.90	12.50	8.80	7.60 
Stability	85.97	86.44	136.12	97.73	58.42	54.50	97.73	57.02	54.71	72.55	54.71	85.97	58.42	36.73	86.44	54.50 
Stacking_energy	8.26	9.81	14.59	10.51	6.78	5.37	10.51	6.57	9.69	6.57	8.26	6.78	6.57	3.82	9.81	5.37 
Sugimoto_dG	2.10	1.50	2.30	1.50	1.50	1.20	1.50	0.90	2.80	1.70	2.10	1.50	1.70	0.90	1.50	1.20 
Sugimoto_dH	10.90	8.80	10.50	9.40	6.60	8.00	9.40	5.60	11.80	8.20	10.90	6.60	8.20	6.60	8.80	8.00 
Sugimoto_dS	28.40	23.50	26.40	25.50	16.40	21.90	25.50	15.20	29.00	21.00	28.40	16.40	21.00	18.40	23.50	21.90 
Watson-Crick_interaction	42.00	34.00	42.00	34.00	34.00	26.00	34.00	26.00	42.00	34.00	42.00	34.00	34.00	26.00	34.00	26.00 
Twist	0.03	0.03	0.03	0.04	0.03	0.03	0.04	0.03	0.01	0.02	0.03	0.03	0.02	0.02	0.03	0.03 
Tilt	0.04	0.04	0.04	0.04	0.04	0.04	0.04	0.04	0.03	0.03	0.04	0.04	0.03	0.02	0.04	0.04 
Roll	0.02	0.02	0.03	0.02	0.02	0.02	0.02	0.02	0.02	0.02	0.02	0.02	0.02	0.02	0.02	0.00 
Shift	1.43	1.32	1.20	1.32	1.46	1.69	1.32	1.03	1.08	1.07	1.43	1.46	1.07	0.72	1.32	1.69 
Slide	1.65	1.93	2.61	3.03	2.03	2.26	3.03	3.83	2.00	1.78	1.65	2.03	1.78	1.20	1.93	2.26 
Rise	8.04	8.56	9.53	8.93	7.08	7.65	8.93	9.07	6.23	6.38	8.04	7.08	6.38	6.23	8.56	7.65 
